{
	"globalplace__timing__setup__tns": 0.0000,
	"globalplace__timing__setup__ws": inf,
	"globalplace__design__io": 38,
	"globalplace__design__instance__count": 395,
	"globalplace__design__instance__area": 2558.7041,
	"globalplace__design__instance__count__stdcell": 395,
	"globalplace__design__instance__area__stdcell": 2558.7041,
	"globalplace__design__instance__count__macros": 0,
	"globalplace__design__instance__area__macros": 0.0000,
	"globalplace__design__instance__utilization": 0.1887,
	"globalplace__design__instance__utilization__stdcell": 0.1887
}