{
	"detailedplace__design__instance__displacement__total": 941.5310,
	"detailedplace__design__instance__displacement__mean": 2.3830,
	"detailedplace__design__instance__displacement__max": 54.0600,
	"detailedplace__route__wirelength__estimated": 4810.2920,
	"detailedplace__design__violations": 0,
	"detailedplace__timing__setup__tns": 0.0000,
	"detailedplace__timing__setup__ws": inf,
	"detailedplace__timing__drv__max_slew_limit": 0.1028,
	"detailedplace__timing__drv__max_slew": 0,
	"detailedplace__timing__drv__max_cap_limit": 0.5358,
	"detailedplace__timing__drv__max_cap": 0,
	"detailedplace__timing__drv__max_fanout_limit": 1000000015047466219876688855040.0000,
	"detailedplace__timing__drv__max_fanout": 0,
	"detailedplace__timing__drv__setup_violation_count": 0,
	"detailedplace__timing__drv__hold_violation_count": 0,
	"detailedplace__design__io": 38,
	"detailedplace__design__instance__count": 395,
	"detailedplace__design__instance__area": 2558.7041,
	"detailedplace__design__instance__count__stdcell": 395,
	"detailedplace__design__instance__area__stdcell": 2558.7041,
	"detailedplace__design__instance__count__macros": 0,
	"detailedplace__design__instance__area__macros": 0.0000,
	"detailedplace__design__instance__utilization": 0.1887,
	"detailedplace__design__instance__utilization__stdcell": 0.1887
}