{
	"globalroute__timing__setup__tns": 0.0000,
	"globalroute__timing__setup__ws": inf,
	"globalroute__timing__drv__max_slew_limit": -0.0038,
	"globalroute__timing__drv__max_slew": 27,
	"globalroute__timing__drv__max_cap_limit": 0.1091,
	"globalroute__timing__drv__max_cap": 0,
	"globalroute__timing__drv__max_fanout_limit": 1000000015047466219876688855040.0000,
	"globalroute__timing__drv__max_fanout": 0,
	"globalroute__timing__drv__setup_violation_count": 0,
	"globalroute__timing__drv__hold_violation_count": 0,
	"globalroute__design__io": 41,
	"globalroute__design__instance__count": 395,
	"globalroute__design__instance__area": 2558.7041,
	"globalroute__design__instance__count__stdcell": 395,
	"globalroute__design__instance__area__stdcell": 2558.7041,
	"globalroute__design__instance__count__macros": 0,
	"globalroute__design__instance__area__macros": 0.0000,
	"globalroute__design__instance__utilization": 0.1887,
	"globalroute__design__instance__utilization__stdcell": 0.1887
}