{
	"detailedroute__route__net": 156,
	"detailedroute__route__net__special": 3,
	"detailedroute__route__drc_errors__iter:1": 112,
	"detailedroute__route__wirelength__iter:1": 5711,
	"detailedroute__route__drc_errors__iter:2": 24,
	"detailedroute__route__wirelength__iter:2": 5568,
	"detailedroute__route__drc_errors__iter:3": 33,
	"detailedroute__route__wirelength__iter:3": 5591,
	"detailedroute__route__drc_errors__iter:4": 0,
	"detailedroute__route__wirelength__iter:4": 5572,
	"detailedroute__route__drc_errors": 0,
	"detailedroute__route__wirelength": 5572,
	"detailedroute__route__vias": 983,
	"detailedroute__route__vias__singlecut": 983,
	"detailedroute__route__vias__multicut": 0
}